year,quarter,ls_return
2023,4,-0.01098134877142241
2024,1,-0.2387881417868192
2024,2,-0.33885411204937627
